#;#;#;#;#;#;#;#;#;#
#;grass2;wall;wall;wall;wall;wall;wall;grass1;#
#;grass2;wall;ground1;ground1;ground1;flag;wall;grass3;#
#;grass1;wall;ground1;ground1;ground1;ground1;wall;grass1;#
#;grass3;wall;ground1;ground1;ground1;ground1;wall;grass2;#
#;grass1;wall;wall;ground1;ground1;wall;wall;grass3;#
#;grass3;ground1;ground1;ground1;ground1;grass2;grass2;grass2;#
ground1;ground1;ground1;ground1;ground1;ground1;ground1;grass1;grass3;#
#;grass2;grass1;grass3;grass1;ground1;ground1;grass3;grass1;#
#;#;#;#;#;#;ground1;#;#;#