#;#;#;#;#;door;#;#;#;#
#;tree1;tree1;tree1;wall;ground1;ground1;ground1;tree1;#
#;tree1;tree1;slime;tree1;wall;wall;ground1;ground1;#
#;tree1;grass3;grass2;grass1;grass1;grass1;grass1;grass1;#
#;grass1;grass1;ground1;ground1;ground1;ground1;wall;wall;#
#;grass1;ground1;grass2;grass2;ground1;ground1;ground1;chest;#
#;grass1;ground1;grass2;grass3;grass3;ground1;wall;wall;#
#;wall;ground1;ground1;wall;wall;wall;tree1;tree1;#
#;grass1;ground1;ground1;ground1;ground1;wall;wall;tree1;#
#;#;#;#;#;grass1;#;#;#;#