#;#;#;#;#;door;#;#;#;#
#;tree1;tree1;ground1;ground1;ground1;grass1;grass1;tree1;#
#;tree1;ground1;ground1;ground1;tree1;tree1;slime;grass1;#
#;grass3;ground1;ground1;wall;wall;wall;wall;wall;#
#;grass1;ground1;ground1;tree1;tree1;tree1;tree1;tree1;#
#;grass3;ground1;ground1;tree1;tree1;slime;grass2;chest;#
#;grass1;ground1;ground1;;tree1;grass2;grass2;grass1;#
ground1;ground1;ground1;ground1;ground1;grass3;grass1;grass1;grass1;#
#;tree1;tree1;tree1;grass1;grass1;grass1;tree1;tree1;#
#;#;#;#;#;#;#;#;#;#