#;#;#;#;#;#;#;#;#;#
#;tree1;tree1;tree1;grass1;chest;wall;tree1;tree1;#
#;tree1;grass2;grass2;grass2;grass2;wall;tree1;tree1;#
#;grass1;grass3;wall;wall;wall;wall1;tree1;grass3;#
#;grass1;wall;tree1;tree1;ground1;ground1;ground1;grass1;#
#;grass1;ground1;grass2;grass2;ground1;grass1;slime;grass1;#
#;grass1;ground1;grass2;grass3;grass3;ground1;ground1;grass1;#
#;grass1;ground1;wall;wall;wall;wall;grass1;grass1;door
#;grass1;ground1;ground1;ground1;ground1;wall;wall;wall;#
#;#;#;#;#;ground1;#;#;#;#