#;#;#;#;#;#;door;#;#;#
#;tree1;tree1;tree1;tree1;ground1;ground1;ground1;ground1;#
#;tree1;tree1;wall;wall;wall;wall;ground1;ground1;#
#;tree1;slime;grass2;grass3;ground1;ground1;ground1;ground1;#
#;grass1;grass1;ground1;ground1;ground1;ground1;tree1;tree1;#
#;wall;wall;wall;ground1;ground1;tree1;slime;chest;#
grass1;grass1;ground1;grass2;grass3;grass3;tree1;grass2;grass3;#
#;grass1;ground1;ground1;ground1;grass3;ground1;grass1;grass1;#
#;tree1;ground1;ground1;ground1;ground1;ground1;grass1;grass2;#
#;#;#;#;#;grass1;#;#;#;#