#;#;#;#;#;#;#;#;#;#
#;grass1;grass1;grass1;wall;wall;grass1;grass1;tree1;#
#;grass1;tree1;wall;chest;slime;wall;grass1;grass1;#
#;grass1;grass3;grass2;grass1;grass1;grass1;grass1;grass1;#
#;grass1;grass1;ground1;ground1;ground1;ground1;ground1;grass1;#
#;grass1;ground1;grass2;grass2;ground1;grass1;ground1;grass1;#
grass1;grass1;ground1;grass2;grass3;grass3;ground1;ground1;grass1;#
#;grass1;ground1;wall;wall;wall;ground1;grass1;grass1;door
#;grass1;ground1;ground1;ground1;ground1;ground1;grass1;tree1;#
#;#;#;#;#;#;#;#;#;#