#;#;#;#;#;door;#;#;#;#
#;grass3;grass3;grass2;grass1;grass1;wall;grass1;chest;#
#;grass3;grass3;grass2;ground1;ground1;grass1;grass3;grass1;#
#;grass2;grass2;grass1;ground1;grass1;wall;grass1;grass1;#
#;grass1;grass1;grass1;ground1;grass1;wall;wall;wall;#
#;grass1;grass3;grass2;ground1;grass3;grass1;grass1;grass1;#
#;grass1;grass2;grass2;ground1;ground1;ground1;ground1;ground1;door
#;grass2;grass1;grass3;ground1;grass1;grass2;grass1;grass2;#
#;ground1;ground1;ground1;ground1;grass2;grass1;grass3;grass1;#
#;#;#;#;#;#;#;#;#;#