#;#;#;#;#;#;#;#;#;#
#;grass1;grass1;grass1;grass1;grass1;grass1;grass1;grass1;#
#;grass1;grass1;grass1;ground1;flag;grass2;grass2;grass1;#
#;grass1;grass2;grass2;ground1;ground1;grass2;grass2;grass1;#
#;grass1;grass2;grass2;ground1;ground1;grass2;grass2;grass1;#
#;grass1;grass2;grass2;ground1;ground1;grass2;grass2;grass1;#
#;grass1;grass2;grass2;ground1;ground1;grass2;grass2;grass1;#
ground1;ground1;ground1;ground1;ground1;ground1;ground1;grass1;grass1;#
#;grass1;grass1;grass1;grass1;grass1;ground1;grass1;grass1;#
#;#;#;#;#;#;grass1;#;#;#